Library_Full_Name,Ontario_Library_Service_Region,Type_of_Library_Service,City/Town,No_of_Active_Library_Cardholders,Total_Operating_Revenues,Physical_materials,Electronic_materials,Librarians,Library_Technicians,Total_circulation_of_all_library_materials,No_of_standard_reference_transactions,No_of_electronic_reference_transactions,No_of_Readers_Advisory_transactions,Number_of_technology_support_requests
Addington Highlands Twp,Southern Ontario Library Service,Public or Union Library,Flinton,964,103082,10500,3120,0,0,144,0,0,16,0
Adjala-TosorontioTwp,Southern Ontario Library Service,Contracting Municipality,Alliston,0,30898,0,0,0,0,0,0,0,0,0
Admaston/Bromley Twp,Southern Ontario Library Service,Public or Union Library,Douglas,377,51495,4768,2271,0,0,144,1,0,21,1
Ajax,Southern Ontario Library Service,Public or Union Library,Ajax,38219,7262614,457079,434274,7,4,23214,3,9,14,162
Alberton Twp,Ontario Library Service - North,Contracting Municipality,Township of Alberton,0,4415,0,0,0,0,0,0,0,0,0
Alderville FN,Southern Ontario Library Service,First Nations Library,Roseneath,102,56565,3005,1288,0,0,40,2,0,0,0
Alfred & Plantagenet Twp,Southern Ontario Library Service,Public or Union Library,Lefaivre,1466,178437,30343,2420,0,1,398,26,0,0,5
Algonquins of Pikwakanagan FN,Southern Ontario Library Service,First Nations Library,Golden Lake,65,28788,160,2470,0,0,26,0,0,0,0
Alnwick/Haldimand Twp,Southern Ontario Library Service,Public or Union Library,Grafton,1232,300826,23900,8342,0,1,508,28,6,36,2
Amaranth Twp,Southern Ontario Library Service,Contracting Municipality,Amaranth,0,123240,0,0,0,0,0,0,0,0,0
Archipelago Twp,Ontario Library Service - North,Contracting Municipality,Parry Sound,0,36635,0,0,0,0,0,0,0,0,0
Armstrong Twp,Ontario Library Service - North,Public or Union Library,Earlton,337,82127,2875,0,0,0,120,6,0,0,12
Arnprior,Southern Ontario Library Service,Public or Union Library,Arnprior,5667,842104,38392,14114,0,0,2725,48,22,55,14
Asphodel-Norwood,Southern Ontario Library Service,Public or Union Library,Norwood,975,199145,11373,2139,0,0,346,2,0,3,1
Assiginack Twp,Ontario Library Service - North,Public or Union Library,Manitowaning,206,51969,5663,1780,0,0,102,0,0,5,2
Athens Twp,Southern Ontario Library Service,Public or Union Library,Athens,417,73034,6648,1631,0,0,167,1,4,2,1
Atikameksheng Anishnawbek Band No. 6 FN,Ontario Library Service - North,First Nations Library,Whitefish First Nation,500,43236,753,0,0,0,25,0,0,0,0
Atikokan,Ontario Library Service - North,Public or Union Library,Atikokan,738,352220,15054,7148,1,0,318,8,42,25,24
Augusta Twp,Southern Ontario Library Service,Public or Union Library,Brockville,1972,151594,20233,2431,0,0,458,42,13,22,6
Aurora,Southern Ontario Library Service,Public or Union Library,Aurora,22078,3986534,195105,360971,6,5,8053,112,11,14,48
Baldwin Twp,Ontario Library Service - North,Contracting Municipality,McKerrow,0,1694,0,0,0,0,0,0,0,0,0
Bancroft Town,Southern Ontario Library Service,Public or Union Library,Bancroft,1130,216864,8968,2882,0,3,354,16,30,30,15
Barrie,Southern Ontario Library Service,Public or Union Library,Barrie,41145,10122393,474919,634703,14,6,22657,76,56,44,130
Beausoleil First Nation Public Library,Southern Ontario Library Service,First Nations Library,Christian Island,130,93306,0,0,0,0,23,10,0,2,3
Beckwith Twp,Southern Ontario Library Service,Contracting Municipality,Carleton Place,0,135795,0,0,0,0,0,0,0,0,0
Belleville,Southern Ontario Library Service,Public or Union Library,Belleville,19068,2823197,90361,130303,6,10,7270,72,15,34,102
Big Grassy FN,Ontario Library Service - North,First Nations Library,Morson,189,43628,0,0,1,0,150,3,0,0,0
Biigtigong Nishnaabeg,Ontario Library Service - North,First Nations Library,Heron Bay,87,74144,244,0,0,0,60,0,0,25,0
Billings Twp,Ontario Library Service - North,Public or Union Library,Kagawong,250,48099,7116,736,0,0,30,1,1,4,3
Bkejwanong FN,Southern Ontario Library Service,First Nations Library,Wallaceburg,910,86301,350,637,0,0,53,6,6,0,9
Black River-Matheson Twp,Ontario Library Service - North,Public or Union Library,Matheson,425,121643,10424,0,0,0,160,0,0,0,3
Blind River,Ontario Library Service - North,Public or Union Library,Blind River,822,197970,14069,235,0,0,406,171,38,61,13
Blue Mountains,Southern Ontario Library Service,Public or Union Library,Thornbury,4682,1418858,54620,28737,4,2,1861,53,5,21,33
Bonfield,Ontario Library Service - North,Public or Union Library,Bonfield,438,94426,17109,2884,0,0,206,6,0,3,0
Bonnechere Union,Southern Ontario Library Service,Public or Union Library,Eganville,1698,318457,10087,5466,1,0,489,222,27,11,7
Bracebridge,Southern Ontario Library Service,Public or Union Library,Bracebridge,10725,1311914,92167,48198,3,2,2023,17,23,32,38
Bradford West Gwillimbury Town,Southern Ontario Library Service,Public or Union Library,Bradford,15031,2951031,228067,114385,5,0,3939,147,7,50,160
Brampton,Southern Ontario Library Service,Public or Union Library,Brampton,137782,21957832,995746,1152852,27,29,62841,1797,49,747,2542
Brant County,Southern Ontario Library Service,Public or Union Library,Paris,21825,2547937,100324,117013,7,2,5978,596,20,226,119
Brantford,Southern Ontario Library Service,Public or Union Library,Brantford,18585,5935743,273972,356339,10,11,14601,206,11,32,151
Brighton Public Library Board,Southern Ontario Library Service,Public or Union Library,Brighton,3200,733196,40118,59773,0,0,1770,59,3,35,39
Britt Area,Ontario Library Service - North,LSB Library,Britt,250,1834,1805,0,0,0,288,27,53,0,0
Brock Twp,Southern Ontario Library Service,Public or Union Library,Beaverton,2932,836177,44790,48177,1,0,1436,27,4,15,8
Brockville,Southern Ontario Library Service,Public or Union Library,Brockville,3999,999541,45469,20269,1,1,2376,30,10,8,40
Bruce County,Southern Ontario Library Service,"County, County co-operative or Regional Municipality Library",Town of Saugeen Shores,22744,4810113,296267,97689,6,5,9607,135,43,120,75
Bruce Mines & Plummer Additional Union,Ontario Library Service - North,Public or Union Library,Bruce Mines,715,82985,3403,1613,0,0,141,40,4,15,3
"Brudenell, Lyndoch & Raglan Twp",Southern Ontario Library Service,Contracting Municipality,Palmer Rapids,0,6584,0,0,0,0,0,0,0,0,0
"Burk's Falls, Armour & Ryerson Union",Ontario Library Service - North,Public or Union Library,Burk's Falls,1298,209633,10793,1451,0,0,245,12,0,12,9
Burlington,Southern Ontario Library Service,Public or Union Library,Burlington,83643,12307672,523239,639016,14,5,35532,380,25,144,497
Caledon,Southern Ontario Library Service,Public or Union Library,Bolton,17906,6006423,195828,249183,15,9,7413,57,8,87,111
Callander,Ontario Library Service - North,Public or Union Library,Callander,1045,376504,16831,1479,0,1,303,9,6,25,24
Cambridge,Southern Ontario Library Service,Public or Union Library,Cambridge,57429,8394503,376495,282849,15,0,14138,565,49,181,363
Carleton Place,Southern Ontario Library Service,Public or Union Library,Carleton Place,5295,703886,685,19218,1,0,2918,8,0,4,18
Carling Twp,Ontario Library Service - North,Contracting Municipality,Parry Sound,0,49295,0,0,0,0,0,0,0,0,0
Carlow/Mayo Public Library,Southern Ontario Library Service,Public or Union Library,Bancroft,491,26291,4166,2058,0,0,53,0,0,3,2
Casey Twp,Ontario Library Service - North,Contracting Municipality,New Liskeard,0,3920,0,0,0,0,0,0,0,0,0
Casselman,Southern Ontario Library Service,Public or Union Library,Casselman,2025,21531,15369,0,0,0,209,41,2,2,5
"Cavan Monaghan Public Library Board, Township of",Southern Ontario Library Service,Public or Union Library,Millbrook,1500,445778,21356,15322,0,0,981,7,0,4,6
Central Manitoulin Twp,Ontario Library Service - North,Public or Union Library,Mindemoya,3630,112705,12355,1533,0,0,870,18,0,0,89
Centre Hastings,Southern Ontario Library Service,Public or Union Library,Madoc,1152,226403,7153,481,0,0,364,5,8,4,6
Chamberlain Twp,Ontario Library Service - North,Contracting Municipality,Englehart,0,6048,0,0,0,0,0,0,0,0,0
Champlain Twp,Southern Ontario Library Service,Public or Union Library,Vankleek Hill,2000,267386,28208,7166,0,0,692,23,7,21,6
Chapleau Twp,Ontario Library Service - North,Public or Union Library,Chapleau,279,49842,4244,1464,0,0,106,2,1,0,2
Chapple Twp,Ontario Library Service - North,Contracting Municipality,Barwick,0,5807,0,0,0,0,0,0,0,0,0
"Charlton and Dack, Municipality of",Ontario Library Service - North,Contracting Municipality,Englehart,0,1446,0,0,0,0,0,0,0,0,0
Chatham-Kent,Southern Ontario Library Service,Public or Union Library,Chatham,38535,5429896,255214,574749,9,4,13333,50,34,384,253
Chippewas of Georgina Island FN,Southern Ontario Library Service,First Nations Library,Sutton West,192,33514,1500,0,0,0,34,0,0,0,0
Chippewas of Kettle & Stony Point FN,Southern Ontario Library Service,First Nations Library,Kettle and Stony Point,87,17366,0,637,0,0,10,15,8,0,15
Chippewas of Rama FN,Southern Ontario Library Service,First Nations Library,Rama,287,192534,4638,0,0,0,144,7,0,0,16
Clarence-Rockland,Southern Ontario Library Service,Public or Union Library,Rockland,12315,1134805,67926,14588,0,1,2067,43,3,6,10
"Clarington, Municipality of",Southern Ontario Library Service,Public or Union Library,Bowmanville,43900,3835278,82503,26336,8,3,17371,13,4,3,17
Clearview Twp,Southern Ontario Library Service,Public or Union Library,Stayner,2590,1049432,70242,0,1,0,1012,75,21,41,25
Cobalt Twp,Ontario Library Service - North,Public or Union Library,Cobalt,185,84610,3308,2330,0,0,15,2,1,1,2
Cobourg,Southern Ontario Library Service,Public or Union Library,Cobourg,10576,1467581,60757,38473,2,2,3949,118,10,31,38
Cochrane Public Library Board,Ontario Library Service - North,Public or Union Library,Cochrane,2467,381401,21259,5075,0,1,410,9,2,10,7
Coleman Twp,Ontario Library Service - North,Contracting Municipality,Coleman Township,0,2000,0,0,0,0,0,0,0,0,0
Collingwood,Southern Ontario Library Service,Public or Union Library,Collingwood,8254,1977068,79151,29470,3,2,8074,236,157,51,98
Conmee Twp,Ontario Library Service - North,Contracting Municipality,Kakabeka Falls,0,1225,0,0,0,0,0,0,0,0,0
Cornwall,Southern Ontario Library Service,Public or Union Library,Cornwall,8905,2453526,205870,74005,3,4,4647,148,24,31,56
Cramahe Twp,Southern Ontario Library Service,Public or Union Library,Colborne,1729,329218,36622,17806,1,0,1131,20,9,20,15
Curve Lake FN,Southern Ontario Library Service,First Nations Library,"Curve Lake,ON",269,42215,2867,5000,1,0,57,0,1,5,1
Dawson Twp,Ontario Library Service - North,Contracting Municipality,Rainy River,0,6681,0,0,0,0,0,0,0,0,0
Deep River,Southern Ontario Library Service,Public or Union Library,Deep River,1667,524488,35561,10308,1,0,1469,69,12,17,16
Delaware FN,Southern Ontario Library Service,First Nations Library,Thamesville,70,27694,0,0,1,0,5,5,0,0,0
Deseronto,Southern Ontario Library Service,Public or Union Library,Deseronto,731,170006,12242,2811,2,0,7362,29,12,33,112
Dokis FN,Ontario Library Service - North,First Nations Library,Dokis First Nation,35,52373,544,557,1,0,100,0,0,0,0
Dorion Twp,Ontario Library Service - North,Public or Union Library,Dorion,129,47366,5627,662,0,0,45,0,0,0,0
Douro-Dummer Twp,Southern Ontario Library Service,Public or Union Library,Douro,612,177392,13076,6000,0,0,270,15,5,24,9
Dryden,Ontario Library Service - North,Public or Union Library,Dryden,2175,635316,18306,8584,1,1,897,2,0,3,11
Dubreuilville Twp,Ontario Library Service - North,Public or Union Library,Dubreuilville,125,1913,100,159,1,0,8,1,1,0,2
Ear Falls Twp,Ontario Library Service - North,Public or Union Library,Ear Falls,178,106613,7752,912,0,0,63,4,1,2,1
East Ferris,Ontario Library Service - North,Public or Union Library,Astorville,1043,194211,7777,2355,0,0,435,10,4,12,10
East Garafraxa Twp,Southern Ontario Library Service,Contracting Municipality,Grand Valley,0,42175,0,0,0,0,0,0,0,0,0
East Gwillimbury,Southern Ontario Library Service,Public or Union Library,Holland Landing,8934,2105008,107111,61638,6,3,4078,59,6,15,4
East Hawkesbury Twp,Southern Ontario Library Service,Contracting Municipality,St. Eugene,0,18425,0,0,0,0,0,0,0,0,0
Edwardsburgh/Cardinal Twp,Southern Ontario Library Service,Public or Union Library,Spencerville,1075,128112,13272,3633,0,0,458,16,3,6,2
Elgin County,Southern Ontario Library Service,"County, County co-operative or Regional Municipality Library",St. Thomas,10688,3372099,199021,204407,7,2,5844,103,23,140,102
Elizabethtown - Kitley,Southern Ontario Library Service,Public or Union Library,Addison,1491,119574,10954,4067,0,0,285,1,0,22,0
Elliot Lake,Ontario Library Service - North,Public or Union Library,Elliot Lake,2081,572625,34873,10932,0,0,1085,36,25,21,12
Emo Twp,Ontario Library Service - North,Public or Union Library,Emo,748,108336,3529,0,0,1,191,1,0,1,4
Englehart,Ontario Library Service - North,Public or Union Library,Englehart,365,97714,3622,1485,0,0,149,10,1,3,2
Espanola,Ontario Library Service - North,Public or Union Library,Espanola,1201,422466,20260,10665,1,1,613,15,0,9,22
Essa,Southern Ontario Library Service,Public or Union Library,Angus,3768,946947,70500,9341,1,1,1765,75,8,36,32
Essex County,Southern Ontario Library Service,"County, County co-operative or Regional Municipality Library",Essex,52127,6379595,421334,419332,2,0,15809,176,27,264,183
Evanturel Twp,Ontario Library Service - North,Contracting Municipality,Englehart,0,8569,0,0,0,0,0,0,0,0,0
Faraday Twp,Southern Ontario Library Service,Contracting Municipality,Bancroft,0,44726,0,0,0,0,0,0,0,0,0
Fauquier-Strickland Twp,Ontario Library Service - North,Public or Union Library,Fauquier,500,54516,1938,123,0,0,90,0,0,0,0
Fort Erie,Southern Ontario Library Service,Public or Union Library,Fort Erie,5092,1744488,109685,63782,3,1,2776,91,0,74,65
Fort Frances,Ontario Library Service - North,Public or Union Library,Fort Frances,2430,696103,39187,9539,1,2,1134,26,2,14,20
French River,Ontario Library Service - North,Public or Union Library,Noelville,508,194374,4376,0,0,0,152,26,32,29,136
Front of Yonge Twp,Southern Ontario Library Service,Public or Union Library,Mallorytown,344,86589,8481,2713,0,0,275,2,0,6,1
Gananoque,Southern Ontario Library Service,Public or Union Library,Gananoque,1121,233461,19364,2999,1,0,706,6,3,7,12
Garden River FN,Ontario Library Service - North,First Nations Library,Garden River,10,15741,0,0,0,0,36,9,3,2,6
Georgian Bay Twp,Southern Ontario Library Service,Public or Union Library,Honey Harbour,1274,422574,20013,2977,1,0,634,14,1,4,3
Georgina,Southern Ontario Library Service,Public or Union Library,Keswick,10020,2918214,113126,81615,5,2,5213,40,9,27,62
Gillies Twp,Ontario Library Service - North,Contracting Municipality,"Kakabeka Falls,   ON",0,984,0,0,0,0,0,0,0,0,0
Gogama LSB,Ontario Library Service - North,LSB Library,Gogama,389,5448,600,120,0,0,20,0,0,0,0
Gore Bay Union,Ontario Library Service - North,Public or Union Library,Gore Bay,679,58616,3465,1159,0,0,204,1,1,6,6
Goulais & District LSB,Ontario Library Service - North,Contracting LSB,Goulais River,0,9653,0,0,0,0,0,0,0,0,0
Grand Valley Library Board,Southern Ontario Library Service,Public or Union Library,Grand Valley,1757,408648,26449,15743,0,1,971,0,0,14,4
Gravenhurst Public Library,Southern Ontario Library Service,Public or Union Library,Gravenhurst,5490,884655,36143,23602,3,1,1772,89,7,42,42
Greater Madawaska Twp,Southern Ontario Library Service,Public or Union Library,Calabogie,385,155403,7137,3648,0,0,575,18,2,8,1
Greater Sudbury,Ontario Library Service - North,Public or Union Library,Greater Sudbury,28769,9869495,581863,227335,10,3,11692,317,14,257,315
Greenstone,Ontario Library Service - North,Public or Union Library,Geraldton,1577,524854,39495,8527,0,0,269,20,0,6,1
Grey Highlands,Southern Ontario Library Service,Public or Union Library,Flesherton,6348,605035,24175,11786,1,0,927,16,1,7,9
Grimsby,Southern Ontario Library Service,Public or Union Library,Grimsby,7765,1125375,88600,47640,2,3,3602,8,2,14,39
Guelph,Southern Ontario Library Service,Public or Union Library,Guelph,58896,13804294,1007092,256040,16,6,45298,1910,34,141,14
Haldimand County,Southern Ontario Library Service,Public or Union Library,Dunnville,12745,2838525,72915,83389,1,1,5682,72,58,144,54
Haliburton County,Southern Ontario Library Service,"County, County co-operative or Regional Municipality Library",Haliburton,6973,1468167,71492,66512,3,0,2665,202,28,38,51
Hallebourg LSB,Ontario Library Service - North,Contracting LSB,Hallebourg,0,428,0,0,0,0,0,0,0,0,0
Halton Hills,Southern Ontario Library Service,Public or Union Library,Georgetown,18366,4221709,168939,298215,9,4,10032,426,47,199,127
Hamilton,Southern Ontario Library Service,Public or Union Library,Hamilton,178754,37579923,1981904,977806,54,22,105332,1350,61,397,741
Hamilton Twp,Southern Ontario Library Service,Contracting Municipality,Cobourg,0,343584,0,0,0,0,0,0,0,0,0
Hanover,Southern Ontario Library Service,Public or Union Library,Hanover,1496,706260,36011,13957,1,0,930,45,3,15,34
Harley Twp,Ontario Library Service - North,Contracting Municipality,New Liskeard,0,5600,0,0,0,0,0,0,0,0,0
Hastings Highlands Twp,Southern Ontario Library Service,Public or Union Library,Maynooth,992,263610,16120,4075,0,1,483,120,45,65,48
Havelock-Belmont-Methuen Twp,Southern Ontario Library Service,Public or Union Library,Havelock,1885,134373,14114,5059,0,0,289,3,1,10,6
Hawk Junction LSB,Ontario Library Service - North,Contracting LSB,Hawk Junction,0,547,0,0,0,0,0,0,0,0,0
Hawkesbury,Southern Ontario Library Service,Public or Union Library,Hawkesbury,1203,604047,32583,7182,1,2,478,193,22,78,57
"Head, Clara & Maria",Southern Ontario Library Service,Public or Union Library,Stonecliffe,247,13703,782,1310,0,0,10,0,0,0,0
Hearst Twp,Ontario Library Service - North,Public or Union Library,Hearst,892,307419,14029,1038,0,0,482,21,0,5,6
Henvey Inlet FN,Ontario Library Service - North,First Nations Library,Pickerel,1,16971,0,0,1,0,1,0,0,0,0
Hilton Union,Ontario Library Service - North,Public or Union Library,Hilton Beach,518,44308,3550,1117,0,0,122,6,0,24,0
Hornepayne Twp,Ontario Library Service - North,Public or Union Library,Hornepayne,381,139098,12799,6378,0,0,87,7,4,5,1
Horton Twp,Southern Ontario Library Service,Contracting Municipality,Renfrew,0,13539,0,0,0,0,0,0,0,0,0
Huntsville,Southern Ontario Library Service,Public or Union Library,Huntsville,4519,983597,66168,54332,3,1,3247,52,5,34,18
Huron County,Southern Ontario Library Service,"County, County co-operative or Regional Municipality Library",Clinton,17041,3973981,156006,142713,10,1,7235,118,28,108,70
Huron Shores,Ontario Library Service - North,Public or Union Library,Iron Bridge,136,74026,4873,498,0,0,34,7,14,8,0
Ignace,Ontario Library Service - North,Public or Union Library,Ignace,268,92446,4347,2807,0,0,81,1,0,10,14
Innisfil,Southern Ontario Library Service,Public or Union Library,Innisfil,19807,4080809,147956,80387,6,4,5294,532,37,45,93
Iroquois Falls,Ontario Library Service - North,Public or Union Library,Iroquois Falls,743,184569,8747,0,0,0,429,41,0,0,0
Iskatewizaagegan No. 39 FN,Ontario Library Service - North,First Nations Library,Shoal Lake,25,13842,842,0,0,0,2,0,0,0,0
James Twp,Ontario Library Service - North,Public or Union Library,Elk Lake,387,44443,1990,1439,0,0,35,0,0,23,27
Johnson Twp,Ontario Library Service - North,Contracting Municipality,Desbarats,0,2405,0,0,0,0,0,0,0,0,0
Joly Twp,Ontario Library Service - North,Contracting Municipality,Sundridge,0,851,0,0,0,0,0,0,0,0,0
Kapuskasing,Ontario Library Service - North,Public or Union Library,Kapuskasing,1415,209488,24632,745,0,0,529,23,16,54,27
"Kawartha Lakes, City of",Southern Ontario Library Service,Public or Union Library,Lindsay,14729,2332959,320195,109400,1,7,8448,328,32,118,138
Kearney & Area,Ontario Library Service - North,Public or Union Library,Kearney,301,58696,3002,2841,0,0,111,600,0,0,0
Kenora City,Ontario Library Service - North,Public or Union Library,Kenora,3315,775354,36671,17855,0,1,1726,70,12,10,3
Kerns Twp,Ontario Library Service - North,Contracting Municipality,New Liskeard,0,911,0,0,0,0,0,0,0,0,0
"Killaloe, Hagarty & Richards Twp",Southern Ontario Library Service,Public or Union Library,Killaloe,1068,140973,7943,2331,0,0,403,23,7,0,7
Killarney,Ontario Library Service - North,Contracting Municipality,Killarney,0,1066,0,0,0,0,0,0,0,0,0
King Twp,Southern Ontario Library Service,Public or Union Library,King City,5250,2186871,116484,83074,5,8,2352,127,1,133,97
Kingston-Frontenac County,Southern Ontario Library Service,Public or Union Library,Kingston,36412,8660161,967299,295433,11,10,25238,2948,141,65,196
Kirkland Lake,Ontario Library Service - North,Public or Union Library,Kirkland Lake,1250,429743,22025,4250,0,0,384,31,4,9,3
Kitchener,Southern Ontario Library Service,Public or Union Library,Kitchener,99422,14434499,467476,869863,21,7,39670,250,6,48,225
La Nation,Southern Ontario Library Service,Public or Union Library,St-Isidore,2954,520615,58660,7209,0,1,595,45,0,62,4
La Vallee Twp,Ontario Library Service - North,Contracting Municipality,Devlin,0,6433,0,0,0,0,0,0,0,0,0
Lac Ste. Therese LSB,Ontario Library Service - North,Contracting LSB,Hearst,0,695,0,0,0,0,0,0,0,0,0
Laird Twp,Ontario Library Service - North,Contracting Municipality,Echo Bay,0,2429,0,0,0,0,0,0,0,0,0
Lake of Bays Twp,Southern Ontario Library Service,Public or Union Library,Dwight,4093,429200,23484,0,0,0,1076,10,3,9,10
Lake of The Woods Twp,Ontario Library Service - North,Contracting Municipality,Rainy River,0,5027,0,0,0,0,0,0,0,0,0
Lambton County,Southern Ontario Library Service,"County, County co-operative or Regional Municipality Library",Wyoming,25013,8508167,435725,536078,12,4,21595,251,17,379,172
Lanark Highlands,Southern Ontario Library Service,Public or Union Library,Lanark,843,258586,18175,2723,1,0,414,7,15,5,10
Lappe Local Services Board,Ontario Library Service - North,Contracting LSB,Gorham,0,1491,0,0,0,0,0,0,0,0,0
Larder Lake Public Library,Ontario Library Service - North,Public or Union Library,Larder Lake,185,98319,2198,937,0,0,49,0,0,0,4
Laurentian Hills,Southern Ontario Library Service,Public or Union Library,Deep River,289,101149,20922,4854,0,0,169,3,1,9,3
Laurentian Valley Twp,Southern Ontario Library Service,Contracting Municipality,Pembroke,0,152526,0,0,0,0,0,0,0,0,0
Laurier LSB,Ontario Library Service - North,Contracting LSB,South River,0,552,0,0,0,0,0,0,0,0,0
Leeds and the Thousand Islands Twp,Southern Ontario Library Service,Public or Union Library,Lansdowne,1830,526828,31496,13999,0,1,728,11,11,43,23
Lennox and Addington County,Southern Ontario Library Service,"County, County co-operative or Regional Municipality Library",Napanee,8308,1588692,114620,10608,2,2,4049,90,1,167,88
Limerick Twp,Southern Ontario Library Service,Contracting Municipality,Gilmour,0,2331,0,0,0,0,0,0,0,0,0
Lincoln Pelham Union Public Library,Southern Ontario Library Service,Public or Union Library,Beamsville,10990,2246374,100000,91209,4,2,7484,71,7,79,64
Local Services Board of Dawson Township,Ontario Library Service - North,Contracting LSB,Meldrum Bay,0,274,0,0,0,0,0,0,0,0,0
Local Services Board of Rainbow Country,Ontario Library Service - North,Contracting LSB,Whitefish Falls,0,497,0,0,0,0,0,0,0,0,0
London,Southern Ontario Library Service,Public or Union Library,London,204540,24406046,1159053,1207260,58,0,77826,2284,98,537,1369
"Loring, Port Loring and District Local Services Board",Ontario Library Service - North,LSB Library,Port Loring,500,9342,4476,1489,0,0,157,0,0,0,0
M'Chigeeng FN,Ontario Library Service - North,First Nations Library,M'Chigeeng First Nation,200,55936,3813,0,0,1,43,10,0,2,0
"MacDonald, Meredith & Aberdeen Add'l Twp",Ontario Library Service - North,Contracting Municipality,Echo Bay,0,3581,0,0,0,0,0,0,0,0,0
Madawaska Valley Twp,Southern Ontario Library Service,Public or Union Library,Barry's Bay,1175,213893,9262,2752,0,0,489,29,0,12,6
Madoc Twp,Southern Ontario Library Service,Contracting Municipality,Eldorado,0,46213,0,0,0,0,0,0,0,0,0
Magnetawan Twp,Ontario Library Service - North,Public or Union Library,Magnetawan,950,107395,3000,1250,0,0,125,28,23,55,26
Manitouwadge,Ontario Library Service - North,Public or Union Library,Manitouwadge,361,155980,5007,2324,0,0,113,11,7,4,0
Marathon,Ontario Library Service - North,Public or Union Library,Marathon,713,219153,14143,4983,1,0,103,10,4,10,7
Markham,Southern Ontario Library Service,Public or Union Library,Markham,131014,18229403,2104635,1709236,33,8,100110,1039,9,199,302
Markstay-Warren,Ontario Library Service - North,Public or Union Library,Warren,836,148168,6605,3899,0,0,226,6,0,24,16
Marmora and Lake Twp,Southern Ontario Library Service,Public or Union Library,Marmora,658,129141,5271,2840,0,0,398,2,2,10,5
Mattagami FN,Ontario Library Service - North,First Nations Library,Gogama,30,54442,0,0,0,0,10,0,0,0,0
Mattawa,Ontario Library Service - North,Public or Union Library,Mattawa,227,11313,1511,149,1,0,54,1000,1000,100,100
Mattawan Twp,Ontario Library Service - North,Contracting Municipality,Mattawa,0,403,0,0,0,0,0,0,0,0,0
Mattice-Val Cote Twp,Ontario Library Service - North,Public or Union Library,Mattice,175,66891,3133,0,0,0,82,0,0,9,20
"McDougall, Municipality of",Ontario Library Service - North,Contracting Municipality,Parry Sound,0,49398,0,0,0,0,0,0,0,0,0
McGarry Twp,Ontario Library Service - North,Public or Union Library,Virginiatown,115,27955,6385,2546,0,0,40,20,0,0,10
McKellar Twp,Ontario Library Service - North,Public or Union Library,McKellar,362,72638,4181,1267,0,0,80,4,2,2,1
"McMurrich-Monteith, the Corporation of the Township of",Ontario Library Service - North,Contracting Municipality,Sprucedale,0,2589,0,0,0,0,0,0,0,0,0
McNab-Braeside Twp,Southern Ontario Library Service,Contracting Municipality,Arnprior,0,155684,0,0,0,0,0,0,0,0,0
Meaford,Southern Ontario Library Service,Public or Union Library,Meaford,6034,1145089,33600,16954,0,2,1965,79,50,45,147
Melancthon Twp,Southern Ontario Library Service,Contracting Municipality,Melancthon,0,70996,0,0,0,0,0,0,0,0,0
Merrickville-Wolford,Southern Ontario Library Service,Public or Union Library,Merrickville,1605,154761,8643,4340,1,0,694,3,0,3,4
Middlesex County Library,Southern Ontario Library Service,"County, County co-operative or Regional Municipality Library",Strathroy,23166,5893566,512371,214535,9,2,8286,269,29,147,131
Midland,Southern Ontario Library Service,Public or Union Library,Midland,7501,1772769,107394,11116,3,0,239275,0,0,0,27
Milton,Southern Ontario Library Service,Public or Union Library,Milton,58352,6423204,24231,380400,9,5,17280,973,44,188,205
Mississauga,Southern Ontario Library Service,Public or Union Library,Mississauga,180330,31261145,2591128,2002830,76,7,127887,1821,285,407,1583
Mississauga FN,Ontario Library Service - North,First Nations Library,Blind River,469,14307,1000,1500,1,0,25,0,0,0,0
Mississippi Mills,Southern Ontario Library Service,Public or Union Library,Almonte,4386,787932,48327,20893,1,0,2760,30,4,26,16
Mohawks of the Bay of Quinte FN,Southern Ontario Library Service,First Nations Library,Tyendinaga Mohawk Territory,161,62487,2820,1380,0,0,28,24,20,10,5
Mono,Southern Ontario Library Service,Contracting Municipality,Orangeville,0,116839,0,0,0,0,0,0,0,0,0
Montague Twp,Southern Ontario Library Service,Contracting Municipality,Smiths Falls,0,28900,0,0,0,0,0,0,0,0,0
Moonbeam Twp,Ontario Library Service - North,Public or Union Library,Moonbeam,345,188974,12577,2126,0,0,226,0,0,4,15
Morley Twp,Ontario Library Service - North,Contracting Municipality,Stratton,0,1400,0,0,0,0,0,0,0,0,0
Mulmur Twp,Southern Ontario Library Service,Contracting Municipality,Mulmur,0,47094,0,0,0,0,0,0,0,0,0
Muskoka Lakes Twp,Southern Ontario Library Service,Public or Union Library,Port Carling,1366,576451,27267,7934,0,0,1030,86,9,24,11
Nairn & Hyman Twp,Ontario Library Service - North,Contracting Municipality,Nairn Centre,0,1382,0,0,0,0,0,0,0,0,0
"Neebing, Municipality of",Ontario Library Service - North,Contracting Municipality,Neebing,0,4992,0,0,0,0,0,0,0,0,0
New Tecumseth,Southern Ontario Library Service,Public or Union Library,Alliston,10162,2199950,97671,49866,3,4,5402,136,48,51,36
Newmarket,Southern Ontario Library Service,Public or Union Library,Newmarket,24136,3851796,134095,221875,4,9,10151,93,45,8,190
Niagara Falls,Southern Ontario Library Service,Public or Union Library,Niagara Falls,49197,6418347,88631,285272,7,6,10932,203,3,113,124
Niagara-on-the-Lake,Southern Ontario Library Service,Public or Union Library,Niagara-on-the-Lake,8283,930440,46649,18723,2,1,5540,54,6,12,51
Nipigon Twp,Ontario Library Service - North,Public or Union Library,Nipigon,607,116352,5806,2447,0,1,182,3,2,14,6
Nipissing FN,Ontario Library Service - North,First Nations Library,Garden Village,55,104084,1800,500,1,0,4,0,0,0,2
Norfolk County,Southern Ontario Library Service,Public or Union Library,Simcoe,18203,3547825,125063,188998,3,6,4126,401,42,111,137
North Bay,Ontario Library Service - North,Public or Union Library,North Bay,46951,2764937,164505,96520,5,4,4898,281,3,63,12
North Grenville Public Library,Southern Ontario Library Service,Public or Union Library,Kemptville,5059,577218,27889,16821,1,2,1778,44,6,13,19
North Kawartha Twp,Southern Ontario Library Service,Public or Union Library,Apsley,3698,328949,12063,8044,0,1,406,7,5,17,23
North Perth,Southern Ontario Library Service,Public or Union Library,Monkton,2839,891244,42405,26910,1,1,2012,59,1,17,4
North Shore Twp,Ontario Library Service - North,Contracting Municipality,Algoma Mills,0,2007,0,0,0,0,0,0,0,0,0
Northeastern Manitoulin and the Islands,Ontario Library Service - North,Public or Union Library,Little Current On,595,292890,10637,2554,0,0,260,3,1,6,6
O'Connor Twp,Ontario Library Service - North,Contracting Municipality,Kakabeka Falls,0,1220,0,0,0,0,0,0,0,0,0
Oakville,Southern Ontario Library Service,Public or Union Library,Oakville,67573,12284631,589953,725770,25,10,33868,285,69,131,383
Ojibways of Onigaming FN,Ontario Library Service - North,First Nations Library,Nestor Falls,85,34859,7000,1000,0,0,30,0,0,0,0
Oliver Paipoonge,Ontario Library Service - North,Public or Union Library,Murillo,805,116378,10489,2172,0,0,613,35,15,60,6
Opasatika,Ontario Library Service - North,Public or Union Library,Opasatika,12,7041,0,0,0,0,12,0,0,1,3
Orangeville,Southern Ontario Library Service,Public or Union Library,Orangeville,6916,2395357,83441,78510,4,2,4472,91,8,43,14
Orillia,Southern Ontario Library Service,Public or Union Library,Orillia,21310,3083232,125349,83600,6,1,9841,657,226,106,34
Oro-Medonte Twp,Southern Ontario Library Service,Contracting Municipality,Oro-Medonte,0,300573,0,0,0,0,0,0,0,0,0
Oshawa,Southern Ontario Library Service,Public or Union Library,Oshawa,43165,9963601,448467,506396,21,6,19701,205,25,75,166
Otonabee-South Monaghan Twp,Southern Ontario Library Service,Public or Union Library,Keened,583,271278,17588,4358,0,0,551,9,4,10,3
Ottawa,Southern Ontario Library Service,Public or Union Library,Ottawa,244544,57169564,3406200,3057627,75,110,224017,2549,565,1562,3090
Owen Sound & North Grey Union,Southern Ontario Library Service,Public or Union Library,Owen Sound,10767,2110879,127831,65253,3,5,5225,72,6,44,101
Oxford County,Southern Ontario Library Service,"County, County co-operative or Regional Municipality Library",Woodstock,17167,5190698,259694,232067,9,4,12410,146,36,94,71
Papineau-Cameron Twp,Ontario Library Service - North,Contracting Municipality,Mattawa,0,1878,0,0,0,0,0,0,0,0,0
Parry Sound,Ontario Library Service - North,Public or Union Library,Parry Sound,2336,500768,21283,3710,0,1,1045,42,2,31,11
Pembroke,Southern Ontario Library Service,Public or Union Library,Pembroke,2894,761310,43288,14126,1,0,2065,460,8,14,29
Penetanguishene,Southern Ontario Library Service,Public or Union Library,Penetanguishene,4821,587119,31500,10476,1,1,4594,441,170,102,3088
Perry Twp,Ontario Library Service - North,Public or Union Library,Emsdale,396,156658,9742,2860,0,0,157,1,0,2,1
Perth and District Union,Southern Ontario Library Service,Public or Union Library,Perth,6267,878578,55083,25742,1,2,2965,94,2,92,282
Perth East,Southern Ontario Library Service,Public or Union Library,Milverton,1062,389831,24659,7311,1,0,1047,12,0,25,10
Perth South Twp,Southern Ontario Library Service,Contracting Municipality,St. Pauls,0,126052,0,0,0,0,0,0,0,0,0
Petawawa,Southern Ontario Library Service,Public or Union Library,Petawawa,3597,838488,40771,26822,1,1,1473,9,3,16,8
Peterborough,Southern Ontario Library Service,Public or Union Library,Peterborough,15918,4508079,221158,351443,6,4,11116,169,28,124,193
Phelps,Ontario Library Service - North,LSB Library,Redbridge,142,7354,78,0,0,0,57,2,0,11,1
Pickering,Southern Ontario Library Service,Public or Union Library,Pickering,37795,6467141,298446,308038,9,0,16506,102,6,36,156
Port Colborne,Southern Ontario Library Service,Public or Union Library,Port Colborne,5282,986522,35855,31479,2,2,2116,74,78,17,44
Port Hope,Southern Ontario Library Service,Public or Union Library,Port Hope,13087,1057715,70509,23004,2,0,2132,56,2,46,43
Powassan & District Union Public Library,Ontario Library Service - North,Public or Union Library,Powassan,1164,253280,5281,6140,0,0,646,6,2,10,19
Prescott,Southern Ontario Library Service,Public or Union Library,Prescott,1570,238132,15000,3533,1,0,454,15,15,2,100
Prince Edward County,Southern Ontario Library Service,Public or Union Library,Picton,8281,1660420,46443,55116,1,0,3826,39,9,98,76
Prince Twp Public Library,Ontario Library Service - North,Public or Union Library,Prince Township,270,15679,3100,690,0,0,34,2,0,0,0
Quinte West,Southern Ontario Library Service,Public or Union Library,Trenton,7426,1840309,102455,64000,3,1,6937,21,10,14,60
Rainy River,Ontario Library Service - North,Public or Union Library,Rainy River,668,61502,53,736,0,0,2933,0,0,0,0
Ramara Twp,Southern Ontario Library Service,Public or Union Library,Ramara,1718,523123,12801,5291,0,0,736,15,0,7,1
Red Lake,Ontario Library Service - North,Public or Union Library,Balmertown,1377,222811,14784,2174,0,0,220,10,4,4,1
Red Rock Twp,Ontario Library Service - North,Public or Union Library,Red Rock,302,125733,10976,4366,0,0,123,1,1,1,2
Renfrew,Southern Ontario Library Service,Public or Union Library,Renfrew,4499,618403,24152,23918,2,2,1361,110,50,25,25
Restoule LSB,Ontario Library Service - North,Contracting LSB,Restoule,0,4438,0,0,0,0,0,0,0,0,0
Richmond Hill,Southern Ontario Library Service,Public or Union Library,Richmond Hill,53686,11195863,614961,478013,14,6,37282,226,51,26,127
Rideau Lakes Public Library,Southern Ontario Library Service,Public or Union Library,Elgin,2714,659247,23142,17161,1,0,1328,4,0,26,7
Robinson  LSB,Ontario Library Service - North,Contracting LSB,Silver Water,0,397,0,0,0,0,0,0,0,0,0
Rossport LSB,Ontario Library Service - North,Contracting LSB,Rossport,0,289,0,0,0,0,0,0,0,0,0
Russell,Southern Ontario Library Service,Public or Union Library,Russell,2514,895536,45732,19673,2,2,2057,17,1,11,8
Sables-Spanish Rivers Twp,Ontario Library Service - North,Public or Union Library,Massey,641,224376,6000,3092,2,0,104,4,2,8,7
Sachigo Lake FN,Ontario Library Service - North,First Nations Library,Sachigo Lake,75,29548,0,0,0,0,55,0,0,0,0
Sagamok Anishnawbek FN,Ontario Library Service - North,First Nations Library,Sagamok,84,16073,0,0,0,0,10,0,0,0,0
Saugeen FN,Southern Ontario Library Service,First Nations Library,Southampton,101,106441,5000,2500,1,0,14,1,0,0,3
Sault Ste. Marie,Ontario Library Service - North,Public or Union Library,Sault Ste. Marie,24882,3553986,90024,64097,4,8,6557,265,5,40,215
Schreiber Twp,Ontario Library Service - North,Public or Union Library,Schreiber,770,138409,4376,2840,0,0,160,3,8,3,2
Scugog Memorial,Southern Ontario Library Service,Public or Union Library,Port Perry,4084,881313,38325,8999,2,0,2006,69,7,25,18
Searchmont LSB,Ontario Library Service - North,Contracting LSB,Searchmont,0,859,0,0,0,0,0,0,0,0,0
Seguin Twp,Ontario Library Service - North,Public or Union Library,Seguin,1418,246424,17660,2865,0,1,590,9,0,9,15
Seine River FN,Ontario Library Service - North,First Nations Library,Seine River FN,4,37002,0,0,0,0,11,0,0,0,0
Selwyn,Southern Ontario Library Service,Public or Union Library,Bridgenorth,6205,751725,67924,24252,1,0,1795,64,0,54,39
Serpent River FN,Ontario Library Service - North,First Nations Library,Cutler,1,17053,0,0,0,0,2,0,0,0,0
Severn Township Library,Southern Ontario Library Service,Public or Union Library,Coldwater,754,262782,22636,17201,1,0,934,26,12,9,2
Shelburne,Southern Ontario Library Service,Public or Union Library,Shelburne,3974,538077,27401,21316,2,0,1958,82,5,27,50
Sheshegwaning FN,Ontario Library Service - North,First Nations Library,Sheshegwaning,50,20320,0,0,0,0,100,0,0,0,0
"Shuniah, Corporation of the Municipality of",Ontario Library Service - North,Contracting Municipality,Shuniah,0,5592,0,0,0,0,0,0,0,0,0
Sioux Lookout,Ontario Library Service - North,Public or Union Library,Sioux Lookout,907,390696,21400,4146,2,0,337,15,3,5,4
Sioux Narrows Nestor Falls Twp,Ontario Library Service - North,Public or Union Library,Sioux Narrows,312,31071,10146,2110,0,0,37,0,0,0,0
Six Nations FN,Southern Ontario Library Service,First Nations Library,Ohsweken,670,230065,19688,3430,1,0,62,20,80,9,18
Smiths Falls,Southern Ontario Library Service,Public or Union Library,Smiths Falls,1665,556921,44177,16895,1,1,1095,42,18,37,7
South Algonquin Twp,Ontario Library Service - North,Public or Union Library,Whitney,303,88258,8000,1100,0,0,93,4,1,5,5
South River-Machar Union,Ontario Library Service - North,Public or Union Library,South River,567,100980,6290,4722,0,0,578,2,1,0,8
Southgate Twp.,Southern Ontario Library Service,Public or Union Library,Dundalk,3673,470732,26976,13883,1,1,361,3,1,4,8
Spanish Twp,Ontario Library Service - North,Public or Union Library,Spanish,133,68088,4908,1800,0,0,68,0,0,0,0
Springwater Twp,Southern Ontario Library Service,Public or Union Library,Midhurst,9488,1050785,50941,15505,2,0,1957,38,10,49,16
St. Catharines,Southern Ontario Library Service,Public or Union Library,St. Catharines,63050,6786882,315845,460116,14,4,22444,848,49,77,357
St. Charles,Ontario Library Service - North,Public or Union Library,St. Charles,408,75575,4001,2637,1,0,75,47,13,0,2
St. Joseph Twp,Ontario Library Service - North,Public or Union Library,Richards Landing,1547,54799,5772,1103,0,0,232,15,20,35,15
St. Marys Public Library,Southern Ontario Library Service,Public or Union Library,St. Marys,2836,663464,56562,14784,2,1,2062,18,5,18,5
St. Thomas,Southern Ontario Library Service,Public or Union Library,St. Thomas,16050,3026578,162008,65308,4,0,4511,414,0,30,108
Stirling-Rawdon,Southern Ontario Library Service,Public or Union Library,Stirling,1133,238612,10172,3197,0,0,565,3,0,7,11
"Stormont, Dundas & Glengarry County",Southern Ontario Library Service,"County, County co-operative or Regional Municipality Library",Cornwall,9537,2855438,160178,138656,1,2,4109,56,4,88,50
Stratford,Southern Ontario Library Service,Public or Union Library,Stratford,7874,2992085,117459,103327,11,1,8712,444,50,93,121
Sundridge-Strong Union,Ontario Library Service - North,Public or Union Library,Sundridge,596,109135,9268,2510,0,0,254,18,1,15,7
Tarbutt & Tarbutt Additional Twp,Ontario Library Service - North,Contracting Municipality,Desbarats,0,1901,0,0,0,0,0,0,0,0,0
Tay Twp,Southern Ontario Library Service,Public or Union Library,Victoria Harbour,2045,447861,21582,5140,0,0,758,94,17,32,14
Tehkummah Twp,Ontario Library Service - North,Public or Union Library,Tehkummah,460,16605,1265,0,0,0,37,0,0,2,1
Temagami,Ontario Library Service - North,Public or Union Library,Temagami,294,111876,4908,662,0,0,46,0,0,0,0
Temagami FN,Ontario Library Service - North,First Nations Library,Bear Island,64,77174,636,0,0,0,3,12,2,0,5
Temiskaming Shores,Ontario Library Service - North,Public or Union Library,Temiskaming Shores,2546,629013,27850,8053,1,0,1162,111,4,26,26
Terrace Bay Twp,Ontario Library Service - North,Public or Union Library,Terrace Bay,974,228934,15115,3298,0,0,165,4,0,6,5
Thessalon,Ontario Library Service - North,Public or Union Library,Thessalon,500,60821,7646,994,1,1,75,0,0,7,7
Thessalon FN,Ontario Library Service - North,First Nations Library,Thessalon,160,33783,0,153,0,0,10,0,0,0,0
"Thornloe, Village of",Ontario Library Service - North,Contracting Municipality,Earlton,0,248,0,0,0,0,0,0,0,0,0
Thorold,Southern Ontario Library Service,Public or Union Library,Thorold,11727,797809,26741,6518,2,2,2638,40,16,2,87
Thunder Bay,Ontario Library Service - North,Public or Union Library,Thunder Bay,38460,7305509,172472,216501,7,20,6953,647,197,269,208
Timmins,Ontario Library Service - North,Public or Union Library,Timmins,11532,2148454,80697,39841,4,4,2838,43,29,20,55
Tiny Twp,Southern Ontario Library Service,Contracting Municipality,Perkinsfield,0,162220,0,0,0,0,0,0,0,0,0
Toronto,Toronto,Public or Union Library,Toronto,938277,239793392,10311154,11083391,487,0,499858,12760,297,3076,13833
Trent Hills,Southern Ontario Library Service,Public or Union Library,Campbellford,8253,671071,47532,14617,1,0,1489,113,21,55,31
Trent Lakes,Southern Ontario Library Service,Public or Union Library,Buckhorn,1115,320481,23842,9063,1,0,400,3,2,4,6
Tudor & Cashel Twp,Southern Ontario Library Service,Public or Union Library,Gilmour,372,12564,50,0,0,0,20,0,0,2,5
Tweed,Southern Ontario Library Service,Public or Union Library,Tweed,1226,199056,15589,2646,0,0,466,10,22,8,19
Tyendinaga Twp,Southern Ontario Library Service,Public or Union Library,Shannonville,1099,244796,6937,1469,0,0,392,0,0,0,0
Uxbridge Twp,Southern Ontario Library Service,Public or Union Library,Uxbridge,4512,954095,51753,14802,0,0,2143,91,7,58,56
Val Rita-Harty Twp,Ontario Library Service - North,Public or Union Library,Val Rita,126,46962,2200,637,0,0,18,2,0,8,0
Vaughan,Southern Ontario Library Service,Public or Union Library,Vaughan,78982,23313198,971691,834572,53,31,50938,2726,531,826,1825
Wahta Mohawk FN,Southern Ontario Library Service,First Nations Library,Bala,45,14194,196,0,1,0,2,2,4,1,3
Wainfleet Twp,Southern Ontario Library Service,Public or Union Library,Wainfleet,3004,488763,21500,4200,0,0,737,170,2,37,3
Wasaga Beach,Southern Ontario Library Service,Public or Union Library,Wasaga Beach,9955,1301016,44243,20229,1,1,2487,17,21,40,25
Wasauksing FN,Ontario Library Service - North,First Nations Library,Parry Sound,340,14399,1,0,0,0,1,0,0,0,0
Waterloo City,Southern Ontario Library Service,Public or Union Library,Waterloo,58803,8128446,639028,367149,5,1,33184,568,8,290,227
Waterloo Region,Southern Ontario Library Service,"County, County co-operative or Regional Municipality Library",Baden,16180,3335524,112205,134834,6,1,8377,50,5,106,52
Wawa,Ontario Library Service - North,Public or Union Library,Wawa,486,258015,19363,3587,0,0,116,13,7,21,4
Welland,Southern Ontario Library Service,Public or Union Library,Welland,10366,2662242,146184,152857,4,5,18687,959,71,73,138
Wellington County,Southern Ontario Library Service,"County, County co-operative or Regional Municipality Library",Fergus,24927,9709435,462957,294140,11,11,17686,122,15,143,127
West Grey Twp,Southern Ontario Library Service,Public or Union Library,Durham,1487,554210,26319,10399,0,1,921,317,0,11,33
West Lincoln Twp,Southern Ontario Library Service,Public or Union Library,Smithville,2089,858102,36121,15095,2,2,1391,46,4,8,13
West Nipissing,Ontario Library Service - North,Public or Union Library,Sturgeon Falls,2981,522074,30992,11212,0,0,1099,29,0,39,25
West Perth,Southern Ontario Library Service,Public or Union Library,Mitchell,1383,367808,21000,8500,1,0,1330,108,20,80,25
Westport,Southern Ontario Library Service,Public or Union Library,Westport,485,43421,3341,0,0,0,125,1,0,2,1
Whitby,Southern Ontario Library Service,Public or Union Library,Whitby,49507,7231361,324521,798987,9,3,21690,28,1,15,23
Whitchurch-Stouffville,Southern Ontario Library Service,Public or Union Library,Stouffville,18257,2892329,209889,121939,5,3,14519,76,3,6,40
White River Twp,Ontario Library Service - North,Public or Union Library,White River,240,54644,4297,3631,0,0,293,2,0,0,0
Whitefish River FN,Ontario Library Service - North,First Nations Library,Birch Island,91,42094,620,0,0,0,8,3,4,0,2
Whitestone-Hagerman Memorial,Ontario Library Service - North,Public or Union Library,Dunchurch,766,155094,7031,3526,0,0,259,17,0,15,20
Whitewater Region,Southern Ontario Library Service,Public or Union Library,Beachburg,2209,107827,19276,4356,0,0,343,5,1,4,2
Windsor,Southern Ontario Library Service,Public or Union Library,Windsor,98129,9422561,517361,619198,20,1,21436,1144,220,162,548
Wollaston,Southern Ontario Library Service,Public or Union Library,Coe Hill,271,49258,3000,2689,0,0,70,2,0,0,5
Woodstock,Southern Ontario Library Service,Public or Union Library,Woodstock,10817,2923353,273104,67903,10,1,5882,203,3,100,121